,Index,Date,Content,Company,Sentiment analysis,Score
0,70755,2025-01-08 14:06:00,<strong>Промена на сопственост</strong>,RZH Ekonomika AD Skopje,Positive,0.52
1,70754,2025-01-08 14:05:00,<strong>Промена на сопственост</strong>,RZH Ekonomika AD Skopje,Positive,0.52
586,70117,2024-10-29 08:52:00,<strong>Неревидиран биланс на успех за период јануари - септември 2024 година</strong>,RZH Ekonomika AD Skopje,Positive,0.51
2,70753,2025-01-08 09:08:00,Календар на настани 2025 година,Popova kula AD Demir Kapija,Positive,0.51
3,70752,2025-01-08 09:07:54,Календар на настани 2025 година,Popova kula AD Demir Kapija,Positive,0.51
388,70335,2024-10-31 14:18:00,Образложение кон неревидиран биланс на успех 01/01/2024-30/09/2024,Popova kula AD Demir Kapija,Positive,0.51
4,70751,2025-01-03 14:06:00,Календар на настани за 2025 АД Дебарски Бањи - Цапа,Debarski banji - Capa AD Debar,Positive,0.51
7,70748,2025-01-03 14:05:00,Календар на настани за 2025 АД Дебарски Бањи - Цапа,Debarski banji - Capa AD Debar,Positive,0.51
505,70210,2024-10-30 14:06:00,"АД Дебарски Бањи Цапа - Дебар, Неревидиран биланс на успех 01.01. - 30.09..2024",Debarski banji - Capa AD Debar,Positive,0.51
5,70750,2025-01-03 14:06:00,Календар на настани во тековната година,Sovremen dom AD Prilep,Positive,0.53
8,70747,2025-01-03 14:05:00,Календар на настани во тековната година,Sovremen dom AD Prilep,Positive,0.53
224,70517,2024-11-15 15:52:00,,Sovremen dom AD Prilep,,
6,70749,2025-01-03 14:06:00,Календар на настани во тековната година,Skopski Pazar AD Skopje,Positive,0.53
9,70746,2025-01-03 14:05:00,Календар на настани во тековната година,Skopski Pazar AD Skopje,Positive,0.53
10,70745,2025-01-02 14:19:00,,Makedonijaturist AD Skopje,,
11,70744,2025-01-02 14:18:00,,Makedonijaturist AD Skopje,,
12,70743,2025-01-02 14:17:00,,Makedonijaturist AD Skopje,,
16,70739,2025-01-02 14:06:00,"Постапувајќи согласно член 38 од Правилата за котација на Македонска берза АД Скопје, Реплек АД Скопје објавуваАкционер со над 5% односно компанијата Настел ДООЕЛ продаде 119 акции, со што поседува вкупно 17.747 ;или 6,85% од вкупниот број на акции.Член на Надзорниот Одбор на Реплек АД Скопје, Петар Андреевски се стекна со 20 нови акции при што вкупно поседува 30 акции",Replek AD Skopje,Positive,0.52
17,70738,2025-01-02 14:05:00,"Постапувајќи согласно член 38 од Правилата за котација на Македонска берза АД Скопје, Реплек АД Скопје објавуваАкционер со над 5% односно компанијата Настел ДООЕЛ продаде 119 акции, со што поседува вкупно 17.747 ;или 6,85% од вкупниот број на акции.Член на Надзорниот Одбор на Реплек АД Скопје, Петар Андреевски се стекна со 20 нови акции при што вкупно поседува 30 акции",Replek AD Skopje,Positive,0.52
63,70688,2024-12-24 14:06:00,"Постапувајќи согласно член 38 од Правилата за котација на Македонска берза АД Скопје, Реплек АД Скопје објавуваАкционер со над 5% Пецовски Душан воедно ;Претседател на Управниот одбор и Генерален директор на Реплек АД Скопје, се стекна со 5 нови акции, со што поседува вкупно 31.620 или 12,20% од вкупниот број на акции.Акционер со над 5% односно компанијата Настел ДООЕЛ продаде ;3.357 акции, со што поседува вкупно ;17.866 или ;6,89% од вкупниот број на акции",Replek AD Skopje,Positive,0.5
18,70737,2024-12-31 08:53:35,"NLB Banka AD ;Skopje, together with ;NLB Lease&amp;Go, leasing d.o.o. Ljubljana increased the share capital of the company – “NLB Lease&amp;Go Skopje”. ;NLB Banka AD Skopje owns 49% of the company's total founding capital.The offer of NLB Lease&amp;Go Skopje is intended for individuals and legal entities and includes ;financial ;lease of new and used cars, trucks, buses, vessels, agricultural and construction machinery, as well as other types of equipment and machines.The operational model of the company is focused on creating innovative and simple solutions for a superior user experience and full digitization of processes, with maximum customer protection and the business activity includes a wide range of leasing solutions, including insurance and other related services for the use of vehicles and equipment that will be leased.",NLB Banka AD Skopje,Positive,0.52
19,70736,2024-12-31 08:53:31,"НЛБ Банка АД Скопје заедно со НЛБ Леасе ;&amp; ;Го, лизинг д.о.о. Љубљана изврши докапитализација на основната главнина на друштвото - „ НЛБ ЛЕАСЕ &amp; ГО СКОПЈЕ“.НЛБ Банка АД Скопје поседува 49% од вкупниот основачки капитал на друштвото.Понудата на НЛБ Леасе&amp;Го ДОО Скопје е наменета за физички и правни лица и опфаќа финансиски лизинг и закуп на нови и користени автомобили, товарни возила, автобуси, пловила, земјоделска и градежна механизација, како и друг вид опрема и машини.Оперативниот модел на друштвото е фокусиран на креирање иновативни и едноставни решенија за врвно корисничко искуство и целосна дигитализација на процесите, со максимална заштита на клиентите, а деловната активност опфаќа широк спектар на решенија за лизинг, вклучувајќи и други придружни услуги за користење на возилата и опремата кои ќе бидат дадени на финансиски лизинг или под ; закуп.",NLB Banka AD Skopje,Positive,0.5
24,70731,2024-12-30 15:07:55,"NLB Bankа AD Skopje informs that it has realized transaction with Nova Ljubljanska banka d.d., Ljubljana on the basis of ;prepayment of ;Subordinated Loan Agreement amounting to EUR ;10 million.Nova Ljubljanska banka d.d., Ljubljana is the dominant shareholder of NLB Bankа AD Skopje with 86.97% share in the total number of shares of the Bank.The subordinated loan was ;qualified as an additional Tier II capital for the Bank. ; ;",NLB Banka AD Skopje,Positive,0.52
20,70735,2024-12-31 08:49:00,"Предлог одлука  ;за задолжување,заложување на недвижен и подвижен имот и обезбедување со меници",Tutunski kombinat AD Prilep,Positive,0.51
21,70734,2024-12-31 08:49:00,Јавен повик за свикување на седница на Собрание на акционери на Тутунски комбинат АД Прилеп,Tutunski kombinat AD Prilep,Positive,0.5
22,70733,2024-12-31 08:48:50,"Предлог одлука  ;за задолжување,заложување на недвижен и подвижен имот и обезбедување со меници",Tutunski kombinat AD Prilep,Positive,0.51
26,70729,2024-12-30 14:06:00,',"Pekabesko AD Kadino, Ilinden",Positive,0.52
27,70728,2024-12-30 14:05:00,',"Pekabesko AD Kadino, Ilinden",Positive,0.52
66,70685,2024-12-20 15:01:00,"Согласно Глава 6 од Правилата за котација, известуваме за следната ценовно чувствителна информација:","Pekabesko AD Kadino, Ilinden",Positive,0.53
28,70727,2024-12-30 09:01:00,,Alkaloid AD Skopje,Positive,0.53
29,70726,2024-12-30 09:01:00,,Alkaloid AD Skopje,Positive,0.53
30,70725,2024-12-30 09:01:00,,Alkaloid AD Skopje,Positive,0.53
32,70723,2024-12-27 14:06:00,"Согласно член 33, став 1, алинеја 7 од Правилата за котација на Македонската Берза за хартии од вредност АД Скопје, известуваме дека ;“Макпетрол” А.Д. - Скопје, склучи Договор за набавка на нафтени деривати од ОКТА рафинерија на нафта АД Скопје на ден. 26.12.2024 година, со важност од 1.1.2025 година до 31.12.2027 година. Вредноста на Договорот ќе зависи од идните преземени количини на нафтени деривати и од цените на истите на светските берзи.Проценуваме дека вредноста на Договорот ќе изнесува повеќе од 10 (десет) проценти од капиталот на Друштвото определено врз основа на последните ревидирани годишни финансиски извештаи.",Makpetrol AD Skopje,Positive,0.53
34,70721,2024-12-27 14:05:00,"Согласно член 33, став 1, алинеја 7 од Правилата за котација на Македонската Берза за хартии од вредност АД Скопје, известуваме дека ;“Макпетрол” А.Д. - Скопје, склучи Договор за набавка на нафтени деривати од ОКТА рафинерија на нафта АД Скопје на ден. 26.12.2024 година, со важност од 1.1.2025 година до 31.12.2027 година. Вредноста на Договорот ќе зависи од идните преземени количини на нафтени деривати и од цените на истите на светските берзи.Проценуваме дека вредноста на Договорот ќе изнесува повеќе од 10 (десет) проценти од капиталот на Друштвото определено врз основа на последните ревидирани годишни финансиски извештаи.",Makpetrol AD Skopje,Positive,0.53
36,70719,2024-12-27 09:41:00,"Имајќи ги во предвид залагањата на вработените за извршување на работните обврски, а по повод Новогодишните празници, „Макпетрол“ А.Д. - Скопје, објавува дека, на своите вработени им исплати новогодишен надоместок во нето износ од 30.000 денари.Грижата за вработените е значајна за успешноста на Друштвото на долг рок и истата претставува дел од корпоративната политика на „Макпетрол“ А.Д. - Скопје.",Makpetrol AD Skopje,Positive,0.51
33,70722,2024-12-27 14:06:00,"На барање на Народната банка на Република Северна Македонија, Надзорниот одбор на ТТК Банка АД Скопје изврши корекции во Предлог – одлуката за измени и дополнувања на Статутот на ТТК Банка АД Скопје и истата заедно со Образложението за направените корекции е во продолжение.",TTK Banka AD Skopje,Positive,0.54
35,70720,2024-12-27 14:05:00,"На барање на Народната банка на Република Северна Македонија, Надзорниот одбор на ТТК Банка АД Скопје изврши корекции во Предлог – одлуката за измени и дополнувања на Статутот на ТТК Банка АД Скопје и истата заедно со Образложението за направените корекции е во продолжение.",TTK Banka AD Skopje,Positive,0.54
42,70711,2024-12-25 15:43:00,"Ве известуваме дека, со Решение на Гувернерката на Народната банка на Република Северна Македонија бр. 15-34165/9 од 25 ;декември 2024 година, издадена е претходна согласност за повторно именување (реизбор) на проф. д-р Драгољуб Арсовски за член на Управниот одбор на ТТК Банка АД Скопје. ;Во согласност со Одлуката на Надзорниот одбор на Банката 02-7540/5 од 30.9.2024 година со која проф. д-р Драгољуб Арсовски е повторно именуван (реизбран) за член, тој исто така е избран и за Претседател на Управниот одбор - Генерален извршен директор на ТТК Банка АД Скопје.",TTK Banka AD Skopje,Positive,0.53
38,70717,2024-12-27 09:15:00,"Согласно Глава 6 од Правилата за котација, известуваме за следната промена во органите на управување на Универзална Инвестициона Банка АД Скопје:Со Решениe бр. 15-33457/6 од 24 декември 2024 година ;од ;Гувернерката на Народна банка на РСМ, издадена е претходна согласност за именување на г- дин Делчо Крастев за член на Управниот одбор на Универзална Инвестициона Банка АД Скопје. Согласноста е издадена  ;за период од 3 (три) години, сметано од датумот на приемот на Решението.",UNI Banka AD Skopje,Positive,0.52
39,70716,2024-12-27 09:14:53,"Согласно Глава 6 од Правилата за котација, известуваме за следната промена во органите на управување на Универзална Инвестициона Банка АД Скопје:Со Решениe бр. 15-33457/6 од 24 декември 2024 година ;од ;Гувернерката на Народна банка на РСМ, издадена е претходна согласност за именување на г- дин Делчо Крастев за член на Управниот одбор на Универзална Инвестициона Банка АД Скопје. Согласноста е издадена  ;за период од 3 (три) години, сметано од датумот на приемот на Решението.",UNI Banka AD Skopje,Positive,0.52
490,70225,2024-10-30 14:16:00,Образложение за финансиските резултати на УНИБанка 01.01-30.09.2024 година,UNI Banka AD Skopje,Positive,0.51
40,70713,2024-12-26 14:07:00,Календар на настаните 2025 година,Nova stokovna kukja AD Strumica,Positive,0.51
41,70712,2024-12-26 14:06:00,Календар на настаните 2025 година,Nova stokovna kukja AD Strumica,Positive,0.51
74,70677,2024-12-20 09:19:00,Други одлуки од собрание,Nova stokovna kukja AD Strumica,Positive,0.5
48,70705,2024-12-25 15:14:00,"Врз основа на член 20 од Статутот на Факом АД Скопје се објави јавен повик за одржување Собрание на акционерите на Факом АД Скопје  ;на ден 25.12.2024 во дневниот весник Нова Македонија . Истиот оглас со повик на Собрание на акционери на Факом АД Скопје се поништува со објава на датум 26.12.2024 во дневниот весник Нова Македонија , единствената точка на дневниот ред ќе биде ставена на редовното годишно собрание што друштвото ќе го закаже согласно одредбите од ЗТД.",Fakom AD Skopje,Positive,0.53
50,70703,2024-12-25 15:13:47,"Врз основа на член 20 од Статутот на Факом АД Скопје се објави јавен повик за одржување Собрание на акционерите на Факом АД Скопје  ;на ден 25.12.2024 во дневниот весник Нова Македонија . Истиот оглас со повик на Собрание на акционери на Факом АД Скопје се поништува со објава на датум 26.12.2024 во дневниот весник Нова Македонија , единствената точка на дневниот ред ќе биде ставена на редовното годишно собрание што друштвото ќе го закаже согласно одредбите од ЗТД.",Fakom AD Skopje,Positive,0.53
322,70411,2024-11-04 08:45:00,Консолидиран биланс на успех 01.01-30.09,Fakom AD Skopje,Positive,0.52
49,70704,2024-12-25 15:03:00,"Одлука за измена на лице за контакт за Силекс Ад, Кратово",Sileks AD Kratovo,Positive,0.5
51,70702,2024-12-25 15:02:37,"Одлука за измена на лице за контакт за Силекс Ад, Кратово",Sileks AD Kratovo,Positive,0.5
262,70475,2024-11-12 14:06:00,"Konsolidiran nerevidiran bilans na uspeh za RIK SILEKS AD, Kratovo  ;za period od 01.01.2024 do 30.09.2024",Sileks AD Kratovo,Positive,0.52
52,70701,2024-12-25 14:06:00,"Согласно објавата за Јавен повик за 65-то Собрание на акционери на Триглав Осигурување АД, Скопје, закажано за 29.01.2025 година со почеток во 09,00 часот, во просториите на Триглав Осигурување АД, Скопје, на бул. „8-ми Септември“ бр.16, Скопје, ја објавуваме содржината на материјалите по точките од дневниот ред.",Triglav osiguruvanje AD Skopje,Positive,0.52
53,70700,2024-12-25 14:06:00,"Врз основа на член 41 од Статутот на Триглав Осигурување АД, Скопје и донесената Одлука на 221-та седница на Одборот на директори на Триглав Осигурување АД, Скопје, одржана на ден 19.12.2024 година, за свикување на 65-та седница на Собранието на акционери, објавуваме Повик до акционерите за учество на Собрание на акционери на Друштвото.",Triglav osiguruvanje AD Skopje,Positive,0.52
55,70698,2024-12-25 14:05:00,"Согласно објавата за Јавен повик за 65-то Собрание на акционери на Триглав Осигурување АД, Скопје, закажано за 29.01.2025 година со почеток во 09,00 часот, во просториите на Триглав Осигурување АД, Скопје, на бул. „8-ми Септември“ бр.16, Скопје, ја објавуваме содржината на материјалите по точките од дневниот ред.",Triglav osiguruvanje AD Skopje,Positive,0.52
54,70699,2024-12-25 14:06:00,Календар на настани во 2025 година,Moda AD Sveti Nikole,Positive,0.52
57,70696,2024-12-25 14:05:00,Календар на настани во 2025 година,Moda AD Sveti Nikole,Positive,0.52
58,70695,2024-12-25 08:51:00,,Centralna kooperativna banka AD Skopje,,
59,70694,2024-12-25 08:51:00,,Centralna kooperativna banka AD Skopje,,
60,70693,2024-12-25 08:50:20,,Centralna kooperativna banka AD Skopje,,
62,70689,2024-12-24 15:01:00,Витаминка АД Прилеп објавува откуп на сопствени акции,Vitaminka AD Prilep,Positive,0.51
65,70686,2024-12-24 15:00:00,Витаминка АД Прилеп објавува откуп на сопствени акции,Vitaminka AD Prilep,Positive,0.51
368,70356,2024-10-31 15:06:00,Образложение до берза од Витаминка АД Прилеп,Vitaminka AD Prilep,Positive,0.5
67,70684,2024-12-20 14:37:00,,Fruktal Mak AD Skopje,,
68,70683,2024-12-20 14:36:02,,Fruktal Mak AD Skopje,,
190,70553,2024-11-20 14:06:00,Materijali za Sobranie na akcioneri - zdelka so zainteresirana strana,Fruktal Mak AD Skopje,Positive,0.5
69,70682,2024-12-20 14:06:00,,Vabtek MZT AD Skopje,,
70,70681,2024-12-20 14:05:00,,Vabtek MZT AD Skopje,,
77,70674,2024-12-19 14:06:00,,Vabtek MZT AD Skopje,,
72,70679,2024-12-20 09:29:00,,OILKO KDA Skopje,,
73,70678,2024-12-20 09:28:21,,OILKO KDA Skopje,,
496,70219,2024-10-30 14:11:00,,OILKO KDA Skopje,,
79,70672,2024-12-19 14:06:00,"ИЗВЕСТУВАЊЕ ЗА СТЕКНУВАЊЕ СОПСТВЕНИ АКЦИИ СО ОТКУП ;Согласно член 34 „Објавување во врска со капиталот“ од Правилата на котација на ; Македонска Берза на хартии од вредност ад Скопје, а врз основа на донесената Одлука на Собранието на акционери на Прилепска пиварница ад Прилеп за стекнување сопствени акции со откуп бр. 0201-451/11 од 23.05.2024 година, известуваме дека ; Прилепска пиварница ад Прилеп на ден ;17.12.2024 година се стекна со ;146 сопствени акции. ;Вкупниот број сопствени акции што ги поседува друштвото е ;948 што претставува 2,37 % од вкупниот број акции од издавачот Прилепска пиварница ад Прилеп.",Prilepska pivarnica AD Prilep,Positive,0.52
83,70668,2024-12-19 14:05:00,"ИЗВЕСТУВАЊЕ ЗА СТЕКНУВАЊЕ СОПСТВЕНИ АКЦИИ СО ОТКУП ;Согласно член 34 „Објавување во врска со капиталот“ од Правилата на котација на ; Македонска Берза на хартии од вредност ад Скопје, а врз основа на донесената Одлука на Собранието на акционери на Прилепска пиварница ад Прилеп за стекнување сопствени акции со откуп бр. 0201-451/11 од 23.05.2024 година, известуваме дека ; Прилепска пиварница ад Прилеп на ден ;17.12.2024 година се стекна со ;146 сопствени акции. ;Вкупниот број сопствени акции што ги поседува друштвото е ;948 што претставува 2,37 % од вкупниот број акции од издавачот Прилепска пиварница ад Прилеп.",Prilepska pivarnica AD Prilep,Positive,0.52
128,70618,2024-12-06 14:06:00,"ИЗВЕСТУВАЊЕ ЗА СТЕКНУВАЊЕ СОПСТВЕНИ АКЦИИ СО ОТКУП ;Согласно член 34 „Објавување во врска со капиталот“ од Правилата на котација на ; Македонска Берза на хартии од вредност ад Скопје, а врз основа на донесената Одлука на Собранието на акционери на Прилепска пиварница ад Прилеп за стекнување сопствени акции со откуп бр. 0201-451/11 од 23.05.2024 година, известуваме дека ; Прилепска пиварница ад Прилеп на ден 4.12.2024 година се стекна со 8 сопствени акции. ;Вкупниот број сопствени акции што ги поседува друштвото е 802 што претставува 2 % од вкупниот број акции од издавачот Прилепска пиварница ад Прилеп.",Prilepska pivarnica AD Prilep,Positive,0.52
88,70663,2024-12-18 08:40:00,"На Собранието на акционери на АД Раде Кончар-Апаратна техника-Скопје одржано на ден 17.12.2024 година, акционерите на Друштвото се произнесоа на следниот начин:-Не се донесе Одлука за измена и дополнување на Статутот на АД Раде Кончар-Апаратна техника-Скопје.-Не се донесе Одлука за одобрување на купопродажба на недвижен имот опишан во Имотен лист 58529 за КО Кисела Вода 2 на КП 1851/16 сопственост на ДОО Раде Кончар-Заеднички дејности-Скопје",Rade Konchar - Aparatna tehnika AD Skopje,Positive,0.52
89,70662,2024-12-18 08:39:40,"На Собранието на акционери на АД Раде Кончар-Апаратна техника-Скопје одржано на ден 17.12.2024 година, акционерите на Друштвото се произнесоа на следниот начин:-Не се донесе Одлука за измена и дополнување на Статутот на АД Раде Кончар-Апаратна техника-Скопје.-Не се донесе Одлука за одобрување на купопродажба на недвижен имот опишан во Имотен лист 58529 за КО Кисела Вода 2 на КП 1851/16 сопственост на ДОО Раде Кончар-Заеднички дејности-Скопје",Rade Konchar - Aparatna tehnika AD Skopje,Positive,0.52
252,70488,2024-11-15 09:31:00,"-Предлог-Одлука за измена и дополнување на Статутот на АД Раде Кончар-Апаратна техника-Скопје, предложена од Одборот на директори-Предлог-Одлука за измена и дополнување на Статутот на АД Раде Кончар-Апаратна техника-Скопје, предложена од акционери-Предлог-Одлука за одобрување продажба на недвижен имот, предложена од акционери",Rade Konchar - Aparatna tehnika AD Skopje,Positive,0.51
90,70661,2024-12-17 14:07:00,,Zhito Polog AD Tetovo,,
91,70660,2024-12-17 14:07:00,,Zhito Polog AD Tetovo,,
92,70659,2024-12-17 14:06:00,,Zhito Polog AD Tetovo,,
100,70650,2024-12-13 09:09:00,,Geras Cunev Konfekcija AD Strumica,,
102,70648,2024-12-13 09:08:33,,Geras Cunev Konfekcija AD Strumica,,
120,70626,2024-12-10 14:45:00,,Geras Cunev Konfekcija AD Strumica,,
101,70649,2024-12-13 09:09:00,,Geras Cunev Trgovija AD Strumica,,
103,70647,2024-12-13 09:08:26,,Geras Cunev Trgovija AD Strumica,,
121,70625,2024-12-10 14:44:00,,Geras Cunev Trgovija AD Strumica,,
110,70640,2024-12-12 08:35:40,Decision for distribution of advanced dividend for the period January - September 2024,Cementarnica USJE AD Skopje,Positive,0.5
111,70639,2024-12-12 08:35:36,Одлука за распределба на аванс на дивиденда за периодот Јануари – Септември 2024,Cementarnica USJE AD Skopje,Positive,0.51
474,70242,2024-10-31 08:36:36,Notes to the financial results USJE January-September 2024,Cementarnica USJE AD Skopje,Positive,0.5
124,70622,2024-12-10 14:02:00,Одлуки од собрание на акционери одржано на ден 10.12.2024,FZC 11 Oktomvri AD Kumanovo,Positive,0.51
125,70621,2024-12-10 14:02:00,Известување за зделка со заинтересирана страна,FZC 11 Oktomvri AD Kumanovo,Positive,0.5
126,70620,2024-12-10 14:01:01,Известување за зделка со заинтересирана страна,FZC 11 Oktomvri AD Kumanovo,Positive,0.5
149,70597,2024-12-03 14:06:00,Аутомакедонија АД Скопје известува дека во изминатиот период се стекнала со 200 хартии од вредност во Осигурителното брокерско друштво АМ БРОКЕР АД СКОПЈЕ.<br>Со извршените трговски трансакции АУТОМАКЕДОНИЈА АД Скопје е сопственик на вкупно 400 хартии од вредност односно 80% од вкупниот број на хартии од вредност во АМ БРОКЕР АД СКОПЈЕ.<br> ;,Automakedonija AD Skopje,Positive,0.51
151,70595,2024-12-03 14:05:00,Аутомакедонија АД Скопје известува дека во изминатиот период се стекнала со 200 хартии од вредност во Осигурителното брокерско друштво АМ БРОКЕР АД СКОПЈЕ.<br>Со извршените трговски трансакции АУТОМАКЕДОНИЈА АД Скопје е сопственик на вкупно 400 хартии од вредност односно 80% од вкупниот број на хартии од вредност во АМ БРОКЕР АД СКОПЈЕ.<br> ;,Automakedonija AD Skopje,Positive,0.51
226,70515,2024-11-15 15:34:00,"Согласно Глава 6 од Правилата за котација, известуваме за следната ценовно чувствителна информацијаОбразложение кон консолидирани неревидирани финансиски извештаи за период 01.01.2024 - 30.09.2024 ;",Automakedonija AD Skopje,Positive,0.51
182,70561,2024-11-22 14:06:00,Други ценовно чувствителни информации- Макстл АД,Makstil AD Skopje,Positive,0.51
183,70560,2024-11-22 14:05:00,Други ценовно чувствителни информации- Макстл АД,Makstil AD Skopje,Positive,0.51
184,70559,2024-11-21 16:01:00,Други ценовно чувствителни информации - Макстил АД,Makstil AD Skopje,Positive,0.51
186,70557,2024-11-21 09:48:00,,Teteks AD Tetovo,,
187,70556,2024-11-21 09:47:55,,Teteks AD Tetovo,,
188,70555,2024-11-21 09:29:00,,Teteks AD Tetovo,,
197,70546,2024-11-19 14:35:00,";<strong>Почитувани акционери и други заинтересирани страни,</strong>Ве известуваме дека  ;по реализација на постапката за ;именување (избор) на член и потпретседател на Управниот одбор на Друштвото и добиеното ;Решение за издавање на согласноста за вршење на финкцијата член на орган на управување на друштво за осигурување од Агенцијата за супервизија на осигурување, на ден 19.11.2024 година во ;Тековната состојба на ;МАКЕДОНИЈА Осигурување АД Скопје - Виена Иншуренс Груп ;во Централниот регистар на РСМ е извршен упис на <strong>Климе Попоски за член и потпретседател на Управниот одбор на Друштвото</strong>.Сите прашања во врска со именувањето (избор) на ;Климе Попоски за член и потпретседател на Управниот одбор на Друштвото може да ги адресирате до стручните служби на Друштвото.Со почит, ; ;<strong>МАКЕДОНИЈА Осигурување АД Скопје - Виена Иншуренс Груп</strong>",Makedonija osiguruvanje AD Skopje,Positive,0.51
201,70542,2024-11-19 14:34:55,";<strong>Почитувани акционери и други заинтересирани страни,</strong>Ве известуваме дека  ;по реализација на постапката за ;именување (избор) на член и потпретседател на Управниот одбор на Друштвото и добиеното ;Решение за издавање на согласноста за вршење на финкцијата член на орган на управување на друштво за осигурување од Агенцијата за супервизија на осигурување, на ден 19.11.2024 година во ;Тековната состојба на ;МАКЕДОНИЈА Осигурување АД Скопје - Виена Иншуренс Груп ;во Централниот регистар на РСМ е извршен упис на <strong>Климе Попоски за член и потпретседател на Управниот одбор на Друштвото</strong>.Сите прашања во врска со именувањето (избор) на ;Климе Попоски за член и потпретседател на Управниот одбор на Друштвото може да ги адресирате до стручните служби на Друштвото.Со почит, ; ;<strong>МАКЕДОНИЈА Осигурување АД Скопје - Виена Иншуренс Груп</strong>",Makedonija osiguruvanje AD Skopje,Positive,0.51
338,70392,2024-11-01 09:50:00,Согласно глава VI од Правилата за котација објавуваме Коментар на остварениот финансиски резултат за периодот 01.01.-30.09.2024,Makedonija osiguruvanje AD Skopje,Positive,0.52
212,70531,2024-11-18 14:06:00,"<strong>Симеон Василев</strong> повеќе не е акционер во РЖ Интер-трансшпед АД Скопје, нов акционер е <strong>Васил Василев</strong> со 62.500 илјади акции во РЖ Интер-трансшпед АД Скопје или 10,6%",RZH Inter-Transshped AD Skopje,Positive,0.52
213,70530,2024-11-18 14:05:00,"<strong>Симеон Василев</strong> повеќе не е акционер во РЖ Интер-трансшпед АД Скопје, нов акционер е <strong>Васил Василев</strong> со 62.500 илјади акции во РЖ Интер-трансшпед АД Скопје или 10,6%",RZH Inter-Transshped AD Skopje,Positive,0.52
546,70161,2024-10-30 08:35:00,Неревидиран биланс на успех 01.01.-30.09.2024,RZH Inter-Transshped AD Skopje,Positive,0.51
222,70519,2024-11-15 15:57:00,КОНСОЛИДИРАН БИЛАНС НА УСПЕХ 01.01-30.09.2024,Pelisterka AD Skopje,Positive,0.52
223,70518,2024-11-15 15:56:29,КОНСОЛИДИРАН БИЛАНС НА УСПЕХ 01.01-30.09.2024,Pelisterka AD Skopje,Positive,0.52
350,70375,2024-10-31 15:53:00,,Pelisterka AD Skopje,,
230,70511,2024-11-15 15:01:00,,Fershped AD Skopje,,
231,70510,2024-11-15 15:01:00,Неревидиран консолидиран Биланс на успех 01.01-30.09.2024 година,Fershped AD Skopje,Positive,0.51
232,70509,2024-11-15 15:00:00,,Fershped AD Skopje,,
233,70508,2024-11-15 14:12:00,,Granit AD Skopje,,
234,70507,2024-11-15 14:12:00,,Granit AD Skopje,,
237,70504,2024-11-15 14:11:29,,Granit AD Skopje,,
235,70506,2024-11-15 14:11:00,ОБРАЗЛОЖЕНИЕ КОН НЕРЕВИДИРАНИТЕ КОНСОЛИДИРАНИ ФИНАНСИСКИ ИЗВЕШТАИ 31.09.2024 ЗК ПЕЛАГОНИЈА,ZK Pelagonija AD Bitola,Positive,0.52
236,70505,2024-11-15 14:11:00,Неревидирани консолидирани финансиски извештаи Групација ЗК Пелагонија 01.01-30.09.2024,ZK Pelagonija AD Bitola,Positive,0.51
240,70501,2024-11-15 14:10:00,ОБРАЗЛОЖЕНИЕ КОН НЕРЕВИДИРАНИТЕ КОНСОЛИДИРАНИ ФИНАНСИСКИ ИЗВЕШТАИ 31.09.2024 ЗК ПЕЛАГОНИЈА,ZK Pelagonija AD Bitola,Positive,0.52
241,70500,2024-11-15 14:06:00,Објаснување кон консолидираниот биланс на успех 30.09.2024,Nemetali Ograzhden AD Strumica,Positive,0.51
242,70499,2024-11-15 14:06:00,Неревидиран консолидиран биланс на успех 30.09.2024,Nemetali Ograzhden AD Strumica,Positive,0.5
247,70494,2024-11-15 14:05:00,Објаснување кон консолидираниот биланс на успех 30.09.2024,Nemetali Ograzhden AD Strumica,Positive,0.51
243,70498,2024-11-15 14:06:00,,VV Tikvesh AD Kavadarci,,
248,70493,2024-11-15 14:05:00,,VV Tikvesh AD Kavadarci,,
410,70311,2024-10-31 14:07:00,Неконсолидиран биланс на успех 01 01 2024-30 09 2024 ;,VV Tikvesh AD Kavadarci,Positive,0.5
244,70497,2024-11-15 14:06:00,Образложение ко неревидиран консолидиран биланс на успех 01.01.-30.09.2024 г,Makpromet AD Shtip,Positive,0.51
245,70496,2024-11-15 14:06:00,Неревидиран консолидиран биланс на успех 01.01-30.09.2024 г.,Makpromet AD Shtip,Positive,0.51
250,70490,2024-11-15 14:05:00,Образложение ко неревидиран консолидиран биланс на успех 01.01.-30.09.2024 г,Makpromet AD Shtip,Positive,0.51
264,70473,2024-11-11 15:47:00,,GTC AD Skopje,,
266,70471,2024-11-11 15:46:37,,GTC AD Skopje,,
316,70418,2024-11-04 15:48:00,Биографии за предложени кандидати за членови на Одбор на директори на Градски Трговски Центар А.Д. Скопје,GTC AD Skopje,Positive,0.5
273,70464,2024-11-11 14:06:00,Образложение на осварените консолидирани резултати,Tehnokomerc AD Skopje,Positive,0.51
274,70463,2024-11-11 14:06:00,КОНСОЛИДИРАН  ;НЕРЕВИДИРАН БИЛАНС  ;НА УСПЕХ,Tehnokomerc AD Skopje,Positive,0.5
279,70458,2024-11-11 14:05:01,Образложение на осварените консолидирани резултати,Tehnokomerc AD Skopje,Positive,0.51
326,70407,2024-11-01 15:16:00,Корекција. Напоменуваме дека во предходната објава како предходен период се земени податоци со 31.12.2023,Fabrika Karposh AD Skopje,Positive,0.51
327,70406,2024-11-01 15:15:14,Корекција. Напоменуваме дека во предходната објава како предходен период се земени податоци со 31.12.2023,Fabrika Karposh AD Skopje,Positive,0.51
344,70386,2024-11-01 08:29:00,Неревидиран биланс на успех за квартак 3 2024 година,Fabrika Karposh AD Skopje,Positive,0.5
328,70404,2024-11-01 14:06:00,Образложение со 30.09.24- Корекција,SN Osiguritelen Broker AD Bitola,Positive,0.51
329,70403,2024-11-01 14:06:00,Неревидиран биланс на успех 01.01-30.09.24 - Корекција,SN Osiguritelen Broker AD Bitola,Positive,0.51
333,70399,2024-11-01 14:05:01,Образложение со 30.09.24- Корекција,SN Osiguritelen Broker AD Bitola,Positive,0.51
332,70400,2024-11-01 14:06:00,Направена е корекција во реден бр.15 -Амортизација на материјални и нематријални средства,Dimko Mitrev AD Veles,Positive,0.52
335,70397,2024-11-01 14:05:00,Направена е корекција во реден бр.15 -Амортизација на материјални и нематријални средства,Dimko Mitrev AD Veles,Positive,0.52
408,70313,2024-10-31 14:07:00,,Dimko Mitrev AD Veles,,
345,70385,2024-11-01 08:29:00,Неревидиран биланс за успех за период од 01.01.2024 до 30.09.2024,Agromehanika AD Skopje,Positive,0.5
347,70383,2024-11-01 08:28:09,Неревидиран биланс за успех за период од 01.01.2024 до 30.09.2024,Agromehanika AD Skopje,Positive,0.5
352,70372,2024-10-31 15:47:00,Согласно глава 6 од Правилата за котација известуваме за следната ценовно чувствителна информација,Patnichki soobrakjaj - Transkop AD Bitola,Positive,0.52
353,70371,2024-10-31 15:47:00,"Согласно глава 6 од Правилата за котација, го објавуваме следниот финансиски извештај",Patnichki soobrakjaj - Transkop AD Bitola,Positive,0.51
355,70369,2024-10-31 15:46:45,Согласно глава 6 од Правилата за котација известуваме за следната ценовно чувствителна информација,Patnichki soobrakjaj - Transkop AD Bitola,Positive,0.52
376,70347,2024-10-31 14:31:00,ОКТА АД - Скопје објавува:,OKTA AD Skopje,Positive,0.53
377,70346,2024-10-31 14:31:00,ОКТА АД - Скопје објавува:,OKTA AD Skopje,Positive,0.53
419,70301,2024-10-31 14:30:00,ОКТА АД - Скопје објавува:,OKTA AD Skopje,Positive,0.53
380,70343,2024-10-31 14:23:00,ОБРАЗЛОЖЕНИЕ КОН БИЛАНСОТ НА УСПЕХ 01.01.2024-30.09.2024,GD Tikvesh AD Kavadarci,Positive,0.52
381,70342,2024-10-31 14:23:00,НЕРЕВИДИРАН БИЛАНС НА УСПЕХ 01.01.2024-.30.09.2024,GD Tikvesh AD Kavadarci,Positive,0.52
387,70336,2024-10-31 14:22:38,ОБРАЗЛОЖЕНИЕ КОН БИЛАНСОТ НА УСПЕХ 01.01.2024-30.09.2024,GD Tikvesh AD Kavadarci,Positive,0.52
383,70340,2024-10-31 14:20:00,Неревидирани финансиски извештаи за период од 01.01.2024г. до 30.09.2024г. ;,Slavej AD Skopje,Positive,0.51
384,70339,2024-10-31 14:20:00,Неревидирани финансиски извештаи за период од 01.01.2024г. до 30.09.2024г.,Slavej AD Skopje,Positive,0.51
396,70326,2024-10-31 14:19:55,Неревидирани финансиски извештаи за период од 01.01.2024г. до 30.09.2024г. ;,Slavej AD Skopje,Positive,0.51
385,70338,2024-10-31 14:19:00,Образложение кон резултатот од работењето во периодот од 01.01. до 30.09.2024год.,Kristal 1923 AD Veles,Positive,0.5
386,70337,2024-10-31 14:19:00,Неребиланс на успех 01.01.-30.09.2024година,Kristal 1923 AD Veles,Positive,0.51
397,70324,2024-10-31 14:18:55,Образложение кон резултатот од работењето во периодот од 01.01. до 30.09.2024год.,Kristal 1923 AD Veles,Positive,0.5
405,70316,2024-10-31 14:07:00,Неревидиран биланс на успех за Теал АД Тетово 01.01-30.09.2024,TEAL AD Tetovo,Positive,0.52
416,70304,2024-10-31 14:06:00,Неревидиран биланс на успех за Теал АД Тетово 01.01-30.09.2024,TEAL AD Tetovo,Positive,0.52
430,70287,2024-10-31 09:53:00,Коментар кон БУ 30.09.2024,Interneshnel Hotels AD Skopje,Positive,0.52
431,70286,2024-10-31 09:52:40,Коментар кон БУ 30.09.2024,Interneshnel Hotels AD Skopje,Positive,0.52
432,70284,2024-10-31 09:30:00,,Interneshnel Hotels AD Skopje,,
433,70283,2024-10-31 15:55:00,Non-audited profit&amp;loss account 01.01.-30.09.2024,Mermeren kombinat AD Prilep,Positive,0.52
434,70282,2024-10-31 15:55:00,Неревидирани финансиски извештаи 01.01. - 30.09.2024,Mermeren kombinat AD Prilep,Positive,0.51
436,70280,2024-10-31 09:24:00,Други ценовно чувствителни информации,Trgotekstil maloprodazhba AD Skopje,Positive,0.51
437,70279,2024-10-31 09:24:00,Неревидиран биланс на успех 01.01.-30.09.2024,Trgotekstil maloprodazhba AD Skopje,Positive,0.51
438,70278,2024-10-31 09:23:35,Други ценовно чувствителни информации,Trgotekstil maloprodazhba AD Skopje,Positive,0.51
440,70276,2024-10-31 09:01:00,Образложение кон Билансот на успех,Ugotur AD Skopje,Positive,0.52
441,70275,2024-10-31 09:01:00,Неревидиран биланс на успех за период 01.01.-30.09.2024г.,Ugotur AD Skopje,Positive,0.5
454,70262,2024-10-31 09:00:03,Образложение кон Билансот на успех,Ugotur AD Skopje,Positive,0.52
442,70274,2024-10-31 09:01:00,,Hoteli-Metropol AD Ohrid,,
443,70273,2024-10-31 09:01:00,,Hoteli-Metropol AD Ohrid,,
457,70259,2024-10-31 09:00:02,,Hoteli-Metropol AD Ohrid,,
444,70272,2024-10-31 09:01:00,,Lotarija na Makedonija AD Skopje,,
445,70271,2024-10-31 09:01:00,,Lotarija na Makedonija AD Skopje,,
446,70270,2024-10-31 09:01:00,Образложение кон финансиските извештаи 01.01-30.09.2024 година,Lotarija na Makedonija AD Skopje,Positive,0.51
447,70269,2024-10-31 08:47:00,БИМ а.д. Свети Николе го објавува Образложението за остварените резултати од работењето за периодот од 01.01- 30.09.2024 год.,BIM AD Sveti Nikole,Positive,0.51
448,70268,2024-10-31 08:43:00,БИМ а.д. Свети Николе го објавува неревидираниот биланс на успех за периодот од 01.01 до 30.09.2024 год.,BIM AD Sveti Nikole,Positive,0.51
451,70265,2024-10-31 08:46:50,БИМ а.д. Свети Николе го објавува Образложението за остварените резултати од работењето за периодот од 01.01- 30.09.2024 год.,BIM AD Sveti Nikole,Positive,0.51
449,70267,2024-10-31 08:43:00,,RZH Tehnichka kontrola AD Skopje,,
472,70244,2024-10-31 08:42:05,,RZH Tehnichka kontrola AD Skopje,,
458,70258,2024-10-31 09:05:00,Makedonski Telekom AD Skopje publishes the explanation on the operation for the period January - September 2024.,Makedonski Telekom AD Skopje,Positive,0.52
460,70256,2024-10-31 09:05:00,Makedonski Telekom AD Skopje publishes the unaudited Income Statement for the period January - September 2024.,Makedonski Telekom AD Skopje,Positive,0.52
463,70253,2024-10-31 09:05:00,Македонски Телеком АД Скопје го објавува oбразложението за работењето за периодот јануари - септември 2024 година.,Makedonski Telekom AD Skopje,Positive,0.52
480,70235,2024-10-30 15:05:00,"<strong>NOTICE</strong> ;According to Article 69 from the Statute of Komercijalna Banka AD Skopje, at a meeting held on 30.10.2024, the Supervisory Board of the Bank passed a Decision to include part of the current profit for the period 01.01-30.09.2024 in the calculation of the common equity tier 1 capital of Komercijalna Banka AD Skopje. The estimated amount of the current profit of 1,676,279 thousand denars is determined in accordance with the Decision on the methodology for calculation of the capital adequacy (""Official Gazette of the Republic of Macedonia"" No.47/12, 50/13, 71/14, 223/15, 218/16 and 221/18 and ""Official Gazette of the Republic of North Macedonia"" No.181/19, 116/20, 167/20 and 27/24) and will be included only in the calculation of own funds as at 31.12.2024, upon obtaining consent by NBRNM. The final proposal for allocation of the profit for 2024 will be passed by the Supervisory Board of the Bank no later than February 2025, and the Shareholders Assembly of Komercijalna Banka AD Skopje will decide on the proposal at the meeting that will be held in accordance with the provisions of the Law on Trade Companies. ;The necessary increase of the common equity tier 1 capital of Komercijalna Banka AD Skopje is for purposes of supporting the dynamic credit growth during 2024 due to the Bank's effort to maintain its market position in conditions of increased competitive pressures, and continuous increase of the total capital requirements prescribed by NBRNM.",Komercijalna Banka AD Skopje,Positive,0.51
481,70234,2024-10-30 15:05:00,"<strong>ИЗВЕСТУВАЊЕ</strong> ;Врз основа на член 69 од Статутот на Комерцијална банка АД Скопје, Надзорниот одбор на Банката на седницата одржана на ден ;30.10.2024 година, донесе Одлука за ;вклучување на дел од тековната добивка за периодот 01.01-30.09.2024 година во пресметката на редовниот основен капитал на Комерцијална банка АД Скопје.Предвидениот износ од тековната добивка ;од 1.676.279 илјади денари е утврден во согласност со Одлуката за методологијата за пресметка на адекватноста на капиталот („Службен весник на Република Македонија“ бр. 47/12, 50/13, 71/14, 223/15, 218/16 и 221/18 и „Службен весник на Република Северна Македонија“ бр. 181/19, 116/20, 167/20 и 27/24) и ;ќе се вклучи единствено во пресметката на сопствените средства со состојба 31.12.2024 година, по добиена согласност од НБРСМ. Конечниот предлог за распределба на добивката за 2024 година ќе се донесе од Надзорниот одбор на Банката ;најдоцна до февруари 2025 година и за предлогот ќе одлучува Собранието на акционери на Комерцијална банка АД Скопје на седницата која ќе се одржи ;во согласност со ;одредбите од ;Законот за трговски друштва. ;Потребното зголемување на редовниот основен капитал на Комерцијална банка АД Скопје е во насока на поддршка на динамичниот кредитен раст во текот на 2024 година заради настојувањето Банката да ја задржи својата пазарна позиција во услови на зголемени конкурентски притисоци и континуираното зголемување на вкупните капитални барања пропишани од НБРСМ.",Komercijalna Banka AD Skopje,Positive,0.52
482,70233,2024-10-30 15:00:00,Komercijalna Banka AD Skopje publishes the Comments on the unaudited (unconsolidated) Income Statement ;and Balance Sheet for the period 01.01 – 30.09 2024.,Komercijalna Banka AD Skopje,Positive,0.51
494,70221,2024-10-30 14:11:00,Неревидиран Биланс на успех  ; 01.01-30.09,Angropromet Tikveshanka AD Kavadarci,Positive,0.52
495,70220,2024-10-30 14:11:00,Образложение на биланс  ;на успех,Angropromet Tikveshanka AD Kavadarci,Positive,0.51
515,70197,2024-10-30 14:10:01,Образложение на биланс  ;на успех,Angropromet Tikveshanka AD Kavadarci,Positive,0.51
498,70217,2024-10-30 14:11:00,Неревидиран биланс на успех 01.01.-30.09.2024 Стокопромет АД,Stokopromet AD Skopje,Positive,0.5
513,70199,2024-10-30 14:10:00,Неревидиран биланс на успех 01.01.-30.09.2024 Стокопромет АД,Stokopromet AD Skopje,Positive,0.5
499,70216,2024-10-30 14:11:00,bilans na uspeh od 01.01.2024 do 30.09.2024,Rudnici Banjani AD Skopje,Positive,0.51
514,70198,2024-10-30 14:10:00,bilans na uspeh od 01.01.2024 do 30.09.2024,Rudnici Banjani AD Skopje,Positive,0.51
503,70212,2024-10-30 14:06:00,НЕРЕВИДИРАН БИЛАНС НА УСПЕХ 01.01-30.09 НА ВЕТЕКС АД,Veteks AD Veles,Positive,0.51
504,70211,2024-10-30 14:06:00,ОБРАЗЛОЖЕНИЕ ЗА РЕЗУЛТАТИТЕ ОД РАБОТЕЊЕТО НА ВЕТЕКС АД ОД 01.01.-30.09.2024,Veteks AD Veles,Positive,0.53
518,70192,2024-10-30 14:05:02,ОБРАЗЛОЖЕНИЕ ЗА РЕЗУЛТАТИТЕ ОД РАБОТЕЊЕТО НА ВЕТЕКС АД ОД 01.01.-30.09.2024,Veteks AD Veles,Positive,0.53
507,70208,2024-10-30 14:06:00,"Согласно Глава 6 од Правилата за котација, го објавуваме следниот финансиски извештај:Неревидиран, неконсолидиран, Биланс на успех за период 01.01.2024-30.09.2024",Makoteks AD Skopje,Positive,0.52
523,70185,2024-10-30 14:05:01,"Согласно Глава 6 од Правилата за котација, го објавуваме следниот финансиски извештај:Неревидиран, неконсолидиран, Биланс на успех за период 01.01.2024-30.09.2024",Makoteks AD Skopje,Positive,0.52
508,70207,2024-10-30 14:06:00,,Zhito Luks AD Skopje,,
509,70206,2024-10-30 14:06:00,Неревидиран биланс на успех за период 01.01-30.09.2024,Zhito Luks AD Skopje,Positive,0.51
519,70191,2024-10-30 14:05:00,,Zhito Luks AD Skopje,,
528,70180,2024-10-30 09:31:00,Образложение на резултатите за период 01.01-30.09/2024 АД ЕВРОПА СКОПЈЕ,Evropa AD Skopje,Positive,0.51
529,70179,2024-10-30 09:31:00,Неревидиран биланс на успех за период 01.01-30.09/2024 АД ЕВРОПА СКОПЈЕ,Evropa AD Skopje,Positive,0.51
543,70164,2024-10-30 09:30:00,Образложение на резултатите за период 01.01-30.09/2024 АД ЕВРОПА СКОПЈЕ,Evropa AD Skopje,Positive,0.51
530,70178,2024-10-30 09:26:00,Неревидиран биланс на успех 01.01.-30.09.,MZT Pumpi AD Skopje,Positive,0.51
531,70177,2024-10-30 09:25:02,Неревидиран биланс на успех 01.01.-30.09.,MZT Pumpi AD Skopje,Positive,0.51
535,70173,2024-10-30 09:06:00,Стопанска банка АД Скопје објавува анализа кон неревидираните финансиски извештаи за периодот од 01.01. - 30.09.2024 година:,Stopanska banka AD Skopje,Positive,0.53
536,70172,2024-10-30 09:06:00,Стопанска банка АД Скопје ги објавува неревидираните (неконсолидирани) финансиски извештаи за периодот 01.01.-30.09.2024 година:,Stopanska banka AD Skopje,Positive,0.53
538,70170,2024-10-30 09:05:50,Стопанска банка АД Скопје објавува анализа кон неревидираните финансиски извештаи за периодот од 01.01. - 30.09.2024 година:,Stopanska banka AD Skopje,Positive,0.53
539,70169,2024-10-30 09:01:00,,Zhito Karaorman AD Kichevo,,
540,70168,2024-10-30 09:01:00,,Zhito Karaorman AD Kichevo,,
542,70165,2024-10-30 09:00:26,,Zhito Karaorman AD Kichevo,,
554,70151,2024-10-29 14:12:00,Извештај кон неревидиран билан на успех за период 01.01.2024- 30.09.2024,Klanica so ladilnik AD Strumica,Positive,0.5
555,70150,2024-10-29 14:12:00,Неревидиран билан на успех  ;01.01.-30.09.2024,Klanica so ladilnik AD Strumica,Positive,0.51
572,70133,2024-10-29 14:11:00,Извештај кон неревидиран билан на успех за период 01.01.2024- 30.09.2024,Klanica so ladilnik AD Strumica,Positive,0.5
556,70149,2024-10-29 14:12:00,,RZH Uslugi AD Skopje,,
557,70148,2024-10-29 14:12:00,,RZH Uslugi AD Skopje,,
558,70147,2024-10-29 14:12:00,,RZH Uslugi AD Skopje,,
582,70121,2024-10-29 09:21:00,Неревидиран биланс на успех за период 01.01-30.09.2024 ;,Grozd AD Strumica,Positive,0.51
583,70120,2024-10-29 09:20:20,Неревидиран биланс на успех за период 01.01-30.09.2024 ;,Grozd AD Strumica,Positive,0.51
584,70119,2024-10-29 08:55:00,Образложение кон резултати 01.01.-30.09.2024,Fustelarko Borec AD Bitola,Positive,0.51
585,70118,2024-10-29 08:55:00,Нереведиран биланс на успех 01.01.-30.09.24,Fustelarko Borec AD Bitola,Positive,0.51
587,70116,2024-10-29 08:54:46,Образложение кон резултати 01.01.-30.09.2024,Fustelarko Borec AD Bitola,Positive,0.51
593,70106,2024-10-28 15:02:00,Неревидиран консолидиран биланс на успех за период 01.01.-30.09.2024,Makoshped AD Skopje,Positive,0.5
594,70105,2024-10-28 15:02:00,Неревидиран биланс на успех за период  ;01.01.-30.09.2024,Makoshped AD Skopje,Positive,0.51
595,70104,2024-10-28 15:02:00,Образложение кон финансиските извештаи за период 01.01.-30.09.2024,Makoshped AD Skopje,Positive,0.51
604,70094,2024-10-28 14:06:00,"Неревидиран биланс на успех 01,01,2024-30,09,2024",Sigurnosno staklo AD Prilep,Positive,0.51
611,70082,2024-10-28 14:05:00,"Неревидиран биланс на успех 01,01,2024-30,09,2024",Sigurnosno staklo AD Prilep,Positive,0.51
614,70079,2024-10-28 09:33:00,<strong>Неревидиран биланс на успех 01.01. - 30.09.2024</strong>,DS Smith AD Skopje,Positive,0.52
615,70078,2024-10-28 09:32:56,<strong>Неревидиран биланс на успех 01.01. - 30.09.2024</strong>,DS Smith AD Skopje,Positive,0.52
616,70077,2024-10-28 09:11:00,"Образложение за настанатите значајни промени во неревидираниот, консолидираниот Биланс на успех за периодот 01.01.-30.09.2024 година.",Ading AD Skopje,Positive,0.5
617,70076,2024-10-28 09:11:00,"Неревидиран, консолидиран Биланс на успех за периодот 01.01.-30.09.2024 година.",Ading AD Skopje,Positive,0.51
618,70075,2024-10-28 09:10:53,"Образложение за настанатите значајни промени во неревидираниот, консолидираниот Биланс на успех за периодот 01.01.-30.09.2024 година.",Ading AD Skopje,Positive,0.5
632,70061,2024-10-25 14:57:00,Образложение кон остварениот финансиски резултат на Стопанска банка а.д. Битола за периодот 1.1. - 30.9.2024 година.,Stopanska banka AD Bitola,Positive,0.51
633,70060,2024-10-25 14:57:00,Неревидирани финансиски извештаи на Стопанска банка а.д. Битола за периодот 1.1. - 30.9.2024 година.,Stopanska banka AD Bitola,Positive,0.51
634,70059,2024-10-25 14:56:39,Образложение кон остварениот финансиски резултат на Стопанска банка а.д. Битола за периодот 1.1. - 30.9.2024 година.,Stopanska banka AD Bitola,Positive,0.51
